TestID,Subject,Size,Time
0,bobble_sort,1000,0
1,bobble_sort,3000,6250
2,bobble_sort,5000,15625
3,bobble_sort,7000,37500
4,bobble_sort,9000,62500
5,bobble_sort,11000,96875
6,bobble_sort,13000,150000
7,bobble_sort,15000,209375
8,bobble_sort,17000,284375
9,bobble_sort,19000,371875
10,bobble_sort,21000,481250
11,bobble_sort,23000,593750
12,bobble_sort,25000,725000
13,bobble_sort,27000,862500
14,bobble_sort,29000,1018750
15,bobble_sort,31000,1184375
16,bobble_sort,33000,1362500
17,bobble_sort,35000,1556250
18,bobble_sort,37000,1753125
19,bobble_sort,39000,1959375
20,bobble_sort,41000,2184375
21,bobble_sort,43000,2425000
22,bobble_sort,45000,2665625
23,bobble_sort,47000,2925000
24,bobble_sort,49000,3196875
25,bobble_sort,51000,3475000
26,bobble_sort,53000,3768750
27,bobble_sort,55000,4068750
28,bobble_sort,57000,4443750
29,bobble_sort,59000,4946875
30,bobble_sort,61000,5053125
31,bobble_sort,63000,5403125
32,bobble_sort,65000,5784375
33,bobble_sort,67000,6150000
34,bobble_sort,69000,6534375
35,bobble_sort,71000,6928125
36,bobble_sort,73000,7303125
37,bobble_sort,75000,7734375
38,bobble_sort,77000,8196875
39,bobble_sort,79000,8634375
40,bobble_sort,81000,9075000
41,bobble_sort,83000,9475000
42,bobble_sort,85000,9971875
43,bobble_sort,87000,10462500
44,bobble_sort,89000,10953125
45,bobble_sort,91000,11600000
46,bobble_sort,93000,12096875
47,bobble_sort,95000,12681250
48,bobble_sort,97000,13243750
49,bobble_sort,99000,13890625
50,choice_sort,1000,0
51,choice_sort,3000,3125
52,choice_sort,5000,6250
53,choice_sort,7000,12500
54,choice_sort,9000,25000
55,choice_sort,11000,34375
56,choice_sort,13000,46875
57,choice_sort,15000,65625
58,choice_sort,17000,81250
59,choice_sort,19000,103125
60,choice_sort,21000,118750
61,choice_sort,23000,146875
62,choice_sort,25000,171875
63,choice_sort,27000,200000
64,choice_sort,29000,228125
65,choice_sort,31000,262500
66,choice_sort,33000,293750
67,choice_sort,35000,337500
68,choice_sort,37000,371875
69,choice_sort,39000,415625
70,choice_sort,41000,468750
71,choice_sort,43000,515625
72,choice_sort,45000,556250
73,choice_sort,47000,609375
74,choice_sort,49000,659375
75,choice_sort,51000,703125
76,choice_sort,53000,762500
77,choice_sort,55000,812500
78,choice_sort,57000,878125
79,choice_sort,59000,946875
80,choice_sort,61000,996875
81,choice_sort,63000,1056250
82,choice_sort,65000,1118750
83,choice_sort,67000,1190625
84,choice_sort,69000,1259375
85,choice_sort,71000,1343750
86,choice_sort,73000,1418750
87,choice_sort,75000,1490625
88,choice_sort,77000,1596875
89,choice_sort,79000,1731250
90,choice_sort,81000,1709375
91,choice_sort,83000,1915625
92,choice_sort,85000,1915625
93,choice_sort,87000,1996875
94,choice_sort,89000,2096875
95,choice_sort,91000,2184375
96,choice_sort,93000,2275000
97,choice_sort,95000,2396875
98,choice_sort,97000,2481250
99,choice_sort,99000,2587500
100,insert_sort,1000,0
101,insert_sort,3000,0
102,insert_sort,5000,3125
103,insert_sort,7000,6250
104,insert_sort,9000,12500
105,insert_sort,11000,15625
106,insert_sort,13000,25000
107,insert_sort,15000,34375
108,insert_sort,17000,46875
109,insert_sort,19000,62500
110,insert_sort,21000,75000
111,insert_sort,23000,90625
112,insert_sort,25000,109375
113,insert_sort,27000,128125
114,insert_sort,29000,159375
115,insert_sort,31000,175000
116,insert_sort,33000,209375
117,insert_sort,35000,231250
118,insert_sort,37000,265625
119,insert_sort,39000,293750
120,insert_sort,41000,331250
121,insert_sort,43000,359375
122,insert_sort,45000,412500
123,insert_sort,47000,437500
124,insert_sort,49000,478125
125,insert_sort,51000,525000
126,insert_sort,53000,559375
127,insert_sort,55000,618750
128,insert_sort,57000,662500
129,insert_sort,59000,709375
130,insert_sort,61000,756250
131,insert_sort,63000,812500
132,insert_sort,65000,868750
133,insert_sort,67000,918750
134,insert_sort,69000,965625
135,insert_sort,71000,1018750
136,insert_sort,73000,1084375
137,insert_sort,75000,1159375
138,insert_sort,77000,1209375
139,insert_sort,79000,1265625
140,insert_sort,81000,1337500
141,insert_sort,83000,1418750
142,insert_sort,85000,1471875
143,insert_sort,87000,1559375
144,insert_sort,89000,1653125
145,insert_sort,91000,1706250
146,insert_sort,93000,1775000
147,insert_sort,95000,1853125
148,insert_sort,97000,1950000
149,insert_sort,99000,2012500
150,qsort_3mid,1000,0
151,qsort_3mid,101000,6250
152,qsort_3mid,201000,18750
153,qsort_3mid,301000,25000
154,qsort_3mid,401000,37500
155,qsort_3mid,501000,43750
156,qsort_3mid,601000,53125
157,qsort_3mid,701000,65625
158,qsort_3mid,801000,71875
159,qsort_3mid,901000,84375
160,qsort_3mid,1001000,90625
161,qsort_3mid,1101000,96875
162,qsort_3mid,1201000,106250
163,qsort_3mid,1301000,121875
164,qsort_3mid,1401000,131250
165,qsort_3mid,1501000,140625
166,qsort_3mid,1601000,146875
167,qsort_3mid,1701000,156250
168,qsort_3mid,1801000,165625
169,qsort_3mid,1901000,171875
170,qsort_3mid,2001000,187500
171,qsort_3mid,2101000,193750
172,qsort_3mid,2201000,212500
173,qsort_3mid,2301000,218750
174,qsort_3mid,2401000,228125
175,qsort_3mid,2501000,237500
176,qsort_3mid,2601000,250000
177,qsort_3mid,2701000,256250
178,qsort_3mid,2801000,262500
179,qsort_3mid,2901000,275000
180,qsort_3mid,3001000,278125
181,qsort_3mid,3101000,296875
182,qsort_3mid,3201000,306250
183,qsort_3mid,3301000,318750
184,qsort_3mid,3401000,328125
185,qsort_3mid,3501000,337500
186,qsort_3mid,3601000,346875
187,qsort_3mid,3701000,356250
188,qsort_3mid,3801000,368750
189,qsort_3mid,3901000,381250
190,qsort_3mid,4001000,396875
191,qsort_3mid,4101000,403125
192,qsort_3mid,4201000,428125
193,qsort_3mid,4301000,428125
194,qsort_3mid,4401000,437500
195,qsort_3mid,4501000,446875
196,qsort_3mid,4601000,443750
197,qsort_3mid,4701000,462500
198,qsort_3mid,4801000,471875
199,qsort_3mid,4901000,481250
200,qsort_3mid,5001000,496875
201,qsort_3mid,5101000,512500
202,qsort_3mid,5201000,509375
203,qsort_3mid,5301000,521875
204,qsort_3mid,5401000,546875
205,qsort_3mid,5501000,543750
206,qsort_3mid,5601000,562500
207,qsort_3mid,5701000,562500
208,qsort_3mid,5801000,584375
209,qsort_3mid,5901000,593750
210,qsort_3mid,6001000,603125
211,qsort_3mid,6101000,612500
212,qsort_3mid,6201000,618750
213,qsort_3mid,6301000,631250
214,qsort_3mid,6401000,646875
215,qsort_3mid,6501000,653125
216,qsort_3mid,6601000,668750
217,qsort_3mid,6701000,668750
218,qsort_3mid,6801000,678125
219,qsort_3mid,6901000,709375
220,qsort_3mid,7001000,709375
221,qsort_3mid,7101000,718750
222,qsort_3mid,7201000,737500
223,qsort_3mid,7301000,737500
224,qsort_3mid,7401000,728125
225,qsort_3mid,7501000,759375
226,qsort_3mid,7601000,768750
227,qsort_3mid,7701000,781250
228,qsort_3mid,7801000,793750
229,qsort_3mid,7901000,796875
230,qsort_3mid,8001000,803125
231,qsort_3mid,8101000,828125
232,qsort_3mid,8201000,834375
233,qsort_3mid,8301000,843750
234,qsort_3mid,8401000,856250
235,qsort_3mid,8501000,875000
236,qsort_3mid,8601000,875000
237,qsort_3mid,8701000,881250
238,qsort_3mid,8801000,893750
239,qsort_3mid,8901000,912500
240,qsort_3mid,9001000,915625
241,qsort_3mid,9101000,934375
242,qsort_3mid,9201000,943750
243,qsort_3mid,9301000,956250
244,qsort_3mid,9401000,956250
245,qsort_3mid,9501000,975000
246,qsort_3mid,9601000,984375
247,qsort_3mid,9701000,990625
248,qsort_3mid,9801000,1006250
249,qsort_3mid,9901000,1015625
250,qsort_rand,1000,0
251,qsort_rand,101000,9375
252,qsort_rand,201000,21875
253,qsort_rand,301000,25000
254,qsort_rand,401000,40625
255,qsort_rand,501000,53125
256,qsort_rand,601000,62500
257,qsort_rand,701000,71875
258,qsort_rand,801000,84375
259,qsort_rand,901000,93750
260,qsort_rand,1001000,103125
261,qsort_rand,1101000,118750
262,qsort_rand,1201000,128125
263,qsort_rand,1301000,137500
264,qsort_rand,1401000,150000
265,qsort_rand,1501000,159375
266,qsort_rand,1601000,165625
267,qsort_rand,1701000,184375
268,qsort_rand,1801000,190625
269,qsort_rand,1901000,206250
270,qsort_rand,2001000,221875
271,qsort_rand,2101000,231250
272,qsort_rand,2201000,240625
273,qsort_rand,2301000,246875
274,qsort_rand,2401000,265625
275,qsort_rand,2501000,271875
276,qsort_rand,2601000,281250
277,qsort_rand,2701000,296875
278,qsort_rand,2801000,312500
279,qsort_rand,2901000,321875
280,qsort_rand,3001000,328125
281,qsort_rand,3101000,334375
282,qsort_rand,3201000,353125
283,qsort_rand,3301000,368750
284,qsort_rand,3401000,387500
285,qsort_rand,3501000,393750
286,qsort_rand,3601000,396875
287,qsort_rand,3701000,412500
288,qsort_rand,3801000,428125
289,qsort_rand,3901000,434375
290,qsort_rand,4001000,453125
291,qsort_rand,4101000,453125
292,qsort_rand,4201000,465625
293,qsort_rand,4301000,475000
294,qsort_rand,4401000,487500
295,qsort_rand,4501000,518750
296,qsort_rand,4601000,521875
297,qsort_rand,4701000,528125
298,qsort_rand,4801000,540625
299,qsort_rand,4901000,559375
300,qsort_rand,5001000,565625
301,qsort_rand,5101000,571875
302,qsort_rand,5201000,593750
303,qsort_rand,5301000,603125
304,qsort_rand,5401000,612500
305,qsort_rand,5501000,621875
306,qsort_rand,5601000,640625
307,qsort_rand,5701000,643750
308,qsort_rand,5801000,656250
309,qsort_rand,5901000,675000
310,qsort_rand,6001000,681250
311,qsort_rand,6101000,696875
312,qsort_rand,6201000,712500
313,qsort_rand,6301000,725000
314,qsort_rand,6401000,725000
315,qsort_rand,6501000,737500
316,qsort_rand,6601000,756250
317,qsort_rand,6701000,762500
318,qsort_rand,6801000,790625
319,qsort_rand,6901000,806250
320,qsort_rand,7001000,815625
321,qsort_rand,7101000,821875
322,qsort_rand,7201000,818750
323,qsort_rand,7301000,846875
324,qsort_rand,7401000,871875
325,qsort_rand,7501000,881250
326,qsort_rand,7601000,868750
327,qsort_rand,7701000,881250
328,qsort_rand,7801000,906250
329,qsort_rand,7901000,940625
330,qsort_rand,8001000,950000
331,qsort_rand,8101000,981250
332,qsort_rand,8201000,987500
333,qsort_rand,8301000,996875
334,qsort_rand,8401000,1000000
335,qsort_rand,8501000,1015625
336,qsort_rand,8601000,1028125
337,qsort_rand,8701000,1059375
338,qsort_rand,8801000,1043750
339,qsort_rand,8901000,1037500
340,qsort_rand,9001000,1053125
341,qsort_rand,9101000,1053125
342,qsort_rand,9201000,1075000
343,qsort_rand,9301000,1090625
344,qsort_rand,9401000,1106250
345,qsort_rand,9501000,1112500
346,qsort_rand,9601000,1125000
347,qsort_rand,9701000,1128125
348,qsort_rand,9801000,1184375
349,qsort_rand,9901000,1193750
350,qsort_mmid,1000,0
351,qsort_mmid,101000,15625
352,qsort_mmid,201000,37500
353,qsort_mmid,301000,53125
354,qsort_mmid,401000,71875
355,qsort_mmid,501000,93750
356,qsort_mmid,601000,118750
357,qsort_mmid,701000,134375
358,qsort_mmid,801000,153125
359,qsort_mmid,901000,178125
360,qsort_mmid,1001000,193750
361,qsort_mmid,1101000,209375
362,qsort_mmid,1201000,234375
363,qsort_mmid,1301000,250000
364,qsort_mmid,1401000,275000
365,qsort_mmid,1501000,300000
366,qsort_mmid,1601000,318750
367,qsort_mmid,1701000,334375
368,qsort_mmid,1801000,346875
369,qsort_mmid,1901000,378125
370,qsort_mmid,2001000,403125
371,qsort_mmid,2101000,409375
372,qsort_mmid,2201000,446875
373,qsort_mmid,2301000,468750
374,qsort_mmid,2401000,484375
375,qsort_mmid,2501000,503125
376,qsort_mmid,2601000,525000
377,qsort_mmid,2701000,546875
378,qsort_mmid,2801000,565625
379,qsort_mmid,2901000,587500
380,qsort_mmid,3001000,609375
381,qsort_mmid,3101000,637500
382,qsort_mmid,3201000,684375
383,qsort_mmid,3301000,687500
384,qsort_mmid,3401000,715625
385,qsort_mmid,3501000,715625
386,qsort_mmid,3601000,737500
387,qsort_mmid,3701000,768750
388,qsort_mmid,3801000,787500
389,qsort_mmid,3901000,806250
390,qsort_mmid,4001000,831250
391,qsort_mmid,4101000,846875
392,qsort_mmid,4201000,871875
393,qsort_mmid,4301000,890625
394,qsort_mmid,4401000,925000
395,qsort_mmid,4501000,946875
396,qsort_mmid,4601000,965625
397,qsort_mmid,4701000,984375
398,qsort_mmid,4801000,993750
399,qsort_mmid,4901000,1034375
400,qsort_mmid,5001000,1053125
401,qsort_mmid,5101000,1078125
402,qsort_mmid,5201000,1100000
403,qsort_mmid,5301000,1115625
404,qsort_mmid,5401000,1140625
405,qsort_mmid,5501000,1175000
406,qsort_mmid,5601000,1187500
407,qsort_mmid,5701000,1218750
408,qsort_mmid,5801000,1237500
409,qsort_mmid,5901000,1268750
410,qsort_mmid,6001000,1278125
411,qsort_mmid,6101000,1300000
412,qsort_mmid,6201000,1331250
413,qsort_mmid,6301000,1353125
414,qsort_mmid,6401000,1362500
415,qsort_mmid,6501000,1403125
416,qsort_mmid,6601000,1403125
417,qsort_mmid,6701000,1434375
418,qsort_mmid,6801000,1468750
419,qsort_mmid,6901000,1478125
420,qsort_mmid,7001000,1509375
421,qsort_mmid,7101000,1528125
422,qsort_mmid,7201000,1556250
423,qsort_mmid,7301000,1581250
424,qsort_mmid,7401000,1590625
425,qsort_mmid,7501000,1628125
426,qsort_mmid,7601000,1662500
427,qsort_mmid,7701000,1671875
428,qsort_mmid,7801000,1684375
429,qsort_mmid,7901000,1709375
430,qsort_mmid,8001000,1734375
431,qsort_mmid,8101000,1746875
432,qsort_mmid,8201000,1784375
433,qsort_mmid,8301000,1806250
434,qsort_mmid,8401000,1828125
435,qsort_mmid,8501000,1846875
436,qsort_mmid,8601000,1865625
437,qsort_mmid,8701000,1893750
438,qsort_mmid,8801000,1912500
439,qsort_mmid,8901000,1937500
440,qsort_mmid,9001000,1953125
441,qsort_mmid,9101000,2000000
442,qsort_mmid,9201000,2009375
443,qsort_mmid,9301000,2040625
444,qsort_mmid,9401000,2059375
445,qsort_mmid,9501000,2075000
446,qsort_mmid,9601000,2096875
447,qsort_mmid,9701000,2121875
448,qsort_mmid,9801000,2140625
449,qsort_mmid,9901000,2168750
450,merge_sort,1000,0
451,merge_sort,101000,6250
452,merge_sort,201000,18750
453,merge_sort,301000,25000
454,merge_sort,401000,37500
455,merge_sort,501000,46875
456,merge_sort,601000,50000
457,merge_sort,701000,65625
458,merge_sort,801000,71875
459,merge_sort,901000,78125
460,merge_sort,1001000,96875
461,merge_sort,1101000,103125
462,merge_sort,1201000,115625
463,merge_sort,1301000,121875
464,merge_sort,1401000,134375
465,merge_sort,1501000,140625
466,merge_sort,1601000,150000
467,merge_sort,1701000,168750
468,merge_sort,1801000,178125
469,merge_sort,1901000,184375
470,merge_sort,2001000,203125
471,merge_sort,2101000,200000
472,merge_sort,2201000,212500
473,merge_sort,2301000,221875
474,merge_sort,2401000,234375
475,merge_sort,2501000,246875
476,merge_sort,2601000,259375
477,merge_sort,2701000,265625
478,merge_sort,2801000,275000
479,merge_sort,2901000,284375
480,merge_sort,3001000,296875
481,merge_sort,3101000,306250
482,merge_sort,3201000,315625
483,merge_sort,3301000,334375
484,merge_sort,3401000,337500
485,merge_sort,3501000,353125
486,merge_sort,3601000,353125
487,merge_sort,3701000,375000
488,merge_sort,3801000,384375
489,merge_sort,3901000,400000
490,merge_sort,4001000,415625
491,merge_sort,4101000,412500
492,merge_sort,4201000,425000
493,merge_sort,4301000,440625
494,merge_sort,4401000,450000
495,merge_sort,4501000,462500
496,merge_sort,4601000,471875
497,merge_sort,4701000,481250
498,merge_sort,4801000,493750
499,merge_sort,4901000,509375
500,merge_sort,5001000,512500
501,merge_sort,5101000,525000
502,merge_sort,5201000,537500
503,merge_sort,5301000,550000
504,merge_sort,5401000,556250
505,merge_sort,5501000,562500
506,merge_sort,5601000,578125
507,merge_sort,5701000,584375
508,merge_sort,5801000,600000
509,merge_sort,5901000,609375
510,merge_sort,6001000,612500
511,merge_sort,6101000,634375
512,merge_sort,6201000,643750
513,merge_sort,6301000,650000
514,merge_sort,6401000,659375
515,merge_sort,6501000,675000
516,merge_sort,6601000,690625
517,merge_sort,6701000,693750
518,merge_sort,6801000,712500
519,merge_sort,6901000,728125
520,merge_sort,7001000,737500
521,merge_sort,7101000,743750
522,merge_sort,7201000,756250
523,merge_sort,7301000,765625
524,merge_sort,7401000,778125
525,merge_sort,7501000,787500
526,merge_sort,7601000,812500
527,merge_sort,7701000,825000
528,merge_sort,7801000,831250
529,merge_sort,7901000,843750
530,merge_sort,8001000,856250
531,merge_sort,8101000,853125
532,merge_sort,8201000,859375
533,merge_sort,8301000,881250
534,merge_sort,8401000,878125
535,merge_sort,8501000,890625
536,merge_sort,8601000,918750
537,merge_sort,8701000,928125
538,merge_sort,8801000,940625
539,merge_sort,8901000,940625
540,merge_sort,9001000,965625
541,merge_sort,9101000,959375
542,merge_sort,9201000,981250
543,merge_sort,9301000,984375
544,merge_sort,9401000,1006250
545,merge_sort,9501000,1046875
546,merge_sort,9601000,1028125
547,merge_sort,9701000,1037500
548,merge_sort,9801000,1050000
549,merge_sort,9901000,1046875
550,lsd_sort,1000,0
551,lsd_sort,101000,3125
552,lsd_sort,201000,3125
553,lsd_sort,301000,6250
554,lsd_sort,401000,6250
555,lsd_sort,501000,9375
556,lsd_sort,601000,12500
557,lsd_sort,701000,12500
558,lsd_sort,801000,18750
559,lsd_sort,901000,18750
560,lsd_sort,1001000,21875
561,lsd_sort,1101000,21875
562,lsd_sort,1201000,28125
563,lsd_sort,1301000,25000
564,lsd_sort,1401000,28125
565,lsd_sort,1501000,21875
566,lsd_sort,1601000,34375
567,lsd_sort,1701000,34375
568,lsd_sort,1801000,37500
569,lsd_sort,1901000,37500
570,lsd_sort,2001000,34375
571,lsd_sort,2101000,40625
572,lsd_sort,2201000,46875
573,lsd_sort,2301000,46875
574,lsd_sort,2401000,50000
575,lsd_sort,2501000,50000
576,lsd_sort,2601000,56250
577,lsd_sort,2701000,53125
578,lsd_sort,2801000,59375
579,lsd_sort,2901000,53125
580,lsd_sort,3001000,56250
581,lsd_sort,3101000,62500
582,lsd_sort,3201000,65625
583,lsd_sort,3301000,62500
584,lsd_sort,3401000,68750
585,lsd_sort,3501000,68750
586,lsd_sort,3601000,75000
587,lsd_sort,3701000,75000
588,lsd_sort,3801000,71875
589,lsd_sort,3901000,75000
590,lsd_sort,4001000,81250
591,lsd_sort,4101000,81250
592,lsd_sort,4201000,81250
593,lsd_sort,4301000,81250
594,lsd_sort,4401000,87500
595,lsd_sort,4501000,90625
596,lsd_sort,4601000,93750
597,lsd_sort,4701000,93750
598,lsd_sort,4801000,90625
599,lsd_sort,4901000,93750
600,lsd_sort,5001000,96875
601,lsd_sort,5101000,96875
602,lsd_sort,5201000,103125
603,lsd_sort,5301000,100000
604,lsd_sort,5401000,103125
605,lsd_sort,5501000,112500
606,lsd_sort,5601000,109375
607,lsd_sort,5701000,112500
608,lsd_sort,5801000,112500
609,lsd_sort,5901000,115625
610,lsd_sort,6001000,118750
611,lsd_sort,6101000,118750
612,lsd_sort,6201000,121875
613,lsd_sort,6301000,118750
614,lsd_sort,6401000,128125
615,lsd_sort,6501000,125000
616,lsd_sort,6601000,128125
617,lsd_sort,6701000,125000
618,lsd_sort,6801000,134375
619,lsd_sort,6901000,125000
620,lsd_sort,7001000,140625
621,lsd_sort,7101000,134375
622,lsd_sort,7201000,140625
623,lsd_sort,7301000,143750
624,lsd_sort,7401000,140625
625,lsd_sort,7501000,143750
626,lsd_sort,7601000,146875
627,lsd_sort,7701000,156250
628,lsd_sort,7801000,156250
629,lsd_sort,7901000,156250
630,lsd_sort,8001000,156250
631,lsd_sort,8101000,159375
632,lsd_sort,8201000,162500
633,lsd_sort,8301000,168750
634,lsd_sort,8401000,162500
635,lsd_sort,8501000,168750
636,lsd_sort,8601000,156250
637,lsd_sort,8701000,171875
638,lsd_sort,8801000,171875
639,lsd_sort,8901000,168750
640,lsd_sort,9001000,175000
641,lsd_sort,9101000,178125
642,lsd_sort,9201000,187500
643,lsd_sort,9301000,178125
644,lsd_sort,9401000,184375
645,lsd_sort,9501000,184375
646,lsd_sort,9601000,187500
647,lsd_sort,9701000,187500
648,lsd_sort,9801000,187500
649,lsd_sort,9901000,190625
